scenario;methode;groupe;fenetre;metrique;valeur;unite
S1;Ziegler-Nichols;demarrage;demarrage;t_montee;1.090909091;ms
S1;Ziegler-Nichols;demarrage;demarrage;depassement;13.99103051;%
S1;Ziegler-Nichols;demarrage;demarrage;t_etablissement;3.4;ms
S1;Ziegler-Nichols;demarrage;demarrage;iL_crete;24.14236298;A
S1;Ziegler-Nichols;classement;classement;IAE;93.76529078;mV.s
S1;Ziegler-Nichols;classement;classement;ISE;6255.805515;V2.ms
S1;Ziegler-Nichols;classement;classement;ITAE;0.06710263418;mV.s2
S1;Ziegler-Nichols;classement;classement;e_max;100;V
S1;Ziegler-Nichols;classement;classement;e_eff;14440.45881;mV
S1;Ziegler-Nichols;classement;classement;n_non_revenus;0;-
S1;Ziegler-Nichols;regime_permanent;fin;e_moy;0.006520399918;mV
S1;Ziegler-Nichols;regime_permanent;fin;e_moy_abs;0.006520399918;mV
S1;Ziegler-Nichols;regime_permanent;fin;ondulation_Vout;27.0297007;mV
S1;Ziegler-Nichols;commande;classement;dd_moyen;0.003278915108;-
S1;Ziegler-Nichols;commande;classement;butee;5.96969697;%
S1;Ziegler-Nichols;commande;classement;dcm;0.1666666667;%
S1;Ziegler-Nichols;temps_banc;essai;appel_moy;1.209788096;us
S1;Ziegler-Nichols;temps_banc;essai;appel_max;79.89;us
S1;Ziegler-Nichols;temps_banc;essai;n_appels;44001;-
S2;Ziegler-Nichols;demarrage;demarrage;t_montee;1.090909091;ms
S2;Ziegler-Nichols;demarrage;demarrage;depassement;13.99103051;%
S2;Ziegler-Nichols;demarrage;demarrage;t_etablissement;3.4;ms
S2;Ziegler-Nichols;demarrage;demarrage;iL_crete;24.14236298;A
S2;Ziegler-Nichols;classement;classement;IAE;2.84145671;mV.s
S2;Ziegler-Nichols;classement;classement;ISE;1.074029559;V2.ms
S2;Ziegler-Nichols;classement;classement;ITAE;0.1623465408;mV.s2
S2;Ziegler-Nichols;classement;classement;e_max;2.012529898;V
S2;Ziegler-Nichols;classement;classement;e_eff;79.48365878;mV
S2;Ziegler-Nichols;classement;classement;n_non_revenus;0;-
S2;Ziegler-Nichols;regime_permanent;avant_50ms;e_moy;0.001666303486;mV
S2;Ziegler-Nichols;regime_permanent;avant_50ms;e_moy_abs;0.001666303486;mV
S2;Ziegler-Nichols;regime_permanent;avant_50ms;ondulation_Vout;27.02959712;mV
S2;Ziegler-Nichols;regime_permanent;avant_70ms;e_moy;-0.3736779891;mV
S2;Ziegler-Nichols;regime_permanent;avant_70ms;e_moy_abs;0.3736779891;mV
S2;Ziegler-Nichols;regime_permanent;avant_70ms;ondulation_Vout;185.3698957;mV
S2;Ziegler-Nichols;regime_permanent;fin;e_moy;-0.0005657818413;mV
S2;Ziegler-Nichols;regime_permanent;fin;e_moy_abs;0.0005657818413;mV
S2;Ziegler-Nichols;regime_permanent;fin;ondulation_Vout;27.10022981;mV
S2;Ziegler-Nichols;evenement;ev_50ms;IAE;1.138479795;mV.s
S2;Ziegler-Nichols;evenement;ev_50ms;e_max;2.012529898;V
S2;Ziegler-Nichols;evenement;ev_50ms;t_retour;0.5954545455;ms
S2;Ziegler-Nichols;evenement;ev_50ms;revenu;1;-
S2;Ziegler-Nichols;evenement;ev_70ms;IAE;1.527593138;mV.s
S2;Ziegler-Nichols;evenement;ev_70ms;e_max;1.112475689;V
S2;Ziegler-Nichols;evenement;ev_70ms;t_retour;0.02727272727;ms
S2;Ziegler-Nichols;evenement;ev_70ms;revenu;1;-
S2;Ziegler-Nichols;commande;classement;dd_moyen;0.003164123228;-
S2;Ziegler-Nichols;commande;classement;butee;0.01336862651;%
S2;Ziegler-Nichols;commande;classement;dcm;0;%
S2;Ziegler-Nichols;temps_banc;essai;appel_moy;1.488435331;us
S2;Ziegler-Nichols;temps_banc;essai;appel_max;3763.233;us
S2;Ziegler-Nichols;temps_banc;essai;n_appels;44001;-
S3;Ziegler-Nichols;demarrage;demarrage;t_montee;1.090909091;ms
S3;Ziegler-Nichols;demarrage;demarrage;depassement;13.99103051;%
S3;Ziegler-Nichols;demarrage;demarrage;t_etablissement;3.4;ms
S3;Ziegler-Nichols;demarrage;demarrage;iL_crete;24.14236298;A
S3;Ziegler-Nichols;classement;classement;IAE;8.665347395;mV.s
S3;Ziegler-Nichols;classement;classement;ISE;21.96409052;V2.ms
S3;Ziegler-Nichols;classement;classement;ITAE;0.3493831011;mV.s2
S3;Ziegler-Nichols;classement;classement;e_max;5.731999811;V
S3;Ziegler-Nichols;classement;classement;e_eff;359.4399505;mV
S3;Ziegler-Nichols;classement;classement;n_non_revenus;0;-
S3;Ziegler-Nichols;regime_permanent;avant_50ms;e_moy;0.001666303486;mV
S3;Ziegler-Nichols;regime_permanent;avant_50ms;e_moy_abs;0.001666303486;mV
S3;Ziegler-Nichols;regime_permanent;avant_50ms;ondulation_Vout;27.02959712;mV
S3;Ziegler-Nichols;regime_permanent;avant_70ms;e_moy;-0.004851621132;mV
S3;Ziegler-Nichols;regime_permanent;avant_70ms;e_moy_abs;0.004851621132;mV
S3;Ziegler-Nichols;regime_permanent;avant_70ms;ondulation_Vout;26.95905489;mV
S3;Ziegler-Nichols;regime_permanent;fin;e_moy;0.00334752409;mV
S3;Ziegler-Nichols;regime_permanent;fin;e_moy_abs;0.00334752409;mV
S3;Ziegler-Nichols;regime_permanent;fin;ondulation_Vout;26.99384078;mV
S3;Ziegler-Nichols;evenement;ev_50ms;IAE;3.637764417;mV.s
S3;Ziegler-Nichols;evenement;ev_50ms;e_max;5.520923868;V
S3;Ziegler-Nichols;evenement;ev_50ms;t_retour;1.054545455;ms
S3;Ziegler-Nichols;evenement;ev_50ms;revenu;1;-
S3;Ziegler-Nichols;evenement;ev_70ms;IAE;4.852199201;mV.s
S3;Ziegler-Nichols;evenement;ev_70ms;e_max;5.731999811;V
S3;Ziegler-Nichols;evenement;ev_70ms;t_retour;1.486363636;ms
S3;Ziegler-Nichols;evenement;ev_70ms;revenu;1;-
S3;Ziegler-Nichols;commande;classement;dd_moyen;0.003152324094;-
S3;Ziegler-Nichols;commande;classement;butee;0.2406352771;%
S3;Ziegler-Nichols;commande;classement;dcm;0;%
S3;Ziegler-Nichols;temps_banc;essai;appel_moy;1.364768255;us
S3;Ziegler-Nichols;temps_banc;essai;appel_max;176.918;us
S3;Ziegler-Nichols;temps_banc;essai;n_appels;44001;-
S8a;Ziegler-Nichols;demarrage;demarrage;t_montee;0.5363636364;ms
S8a;Ziegler-Nichols;demarrage;demarrage;depassement;52.22678539;%
S8a;Ziegler-Nichols;demarrage;demarrage;t_etablissement;7.440909091;ms
S8a;Ziegler-Nichols;demarrage;demarrage;iL_crete;13.15170356;A
S8a;Ziegler-Nichols;classement;classement;IAE;12.07191997;mV.s
S8a;Ziegler-Nichols;classement;classement;ISE;5.123130095;V2.ms
S8a;Ziegler-Nichols;classement;classement;ITAE;0.620151018;mV.s2
S8a;Ziegler-Nichols;classement;classement;e_max;1.43218674;V
S8a;Ziegler-Nichols;classement;classement;e_eff;173.5950853;mV
S8a;Ziegler-Nichols;classement;classement;n_non_revenus;0;-
S8a;Ziegler-Nichols;regime_permanent;avant_50ms;e_moy;0.009611358905;mV
S8a;Ziegler-Nichols;regime_permanent;avant_50ms;e_moy_abs;0.009611358905;mV
S8a;Ziegler-Nichols;regime_permanent;avant_50ms;ondulation_Vout;27.30970834;mV
S8a;Ziegler-Nichols;regime_permanent;avant_70ms;e_moy;3.086535702;mV
S8a;Ziegler-Nichols;regime_permanent;avant_70ms;e_moy_abs;3.086535702;mV
S8a;Ziegler-Nichols;regime_permanent;avant_70ms;ondulation_Vout;252.4498462;mV
S8a;Ziegler-Nichols;regime_permanent;avant_100ms;e_moy;0.008826744679;mV
S8a;Ziegler-Nichols;regime_permanent;avant_100ms;e_moy_abs;0.008826744679;mV
S8a;Ziegler-Nichols;regime_permanent;avant_100ms;ondulation_Vout;27.46439844;mV
S8a;Ziegler-Nichols;regime_permanent;avant_120ms;e_moy;0.01734251235;mV
S8a;Ziegler-Nichols;regime_permanent;avant_120ms;e_moy_abs;0.01734251235;mV
S8a;Ziegler-Nichols;regime_permanent;avant_120ms;ondulation_Vout;33.66194506;mV
S8a;Ziegler-Nichols;regime_permanent;fin;e_moy;-0.0001782334775;mV
S8a;Ziegler-Nichols;regime_permanent;fin;e_moy_abs;0.0001782334775;mV
S8a;Ziegler-Nichols;regime_permanent;fin;ondulation_Vout;27.33003378;mV
S8a;Ziegler-Nichols;evenement;ev_50ms;IAE;5.215088702;mV.s
S8a;Ziegler-Nichols;evenement;ev_50ms;e_max;1.349925749;V
S8a;Ziegler-Nichols;evenement;ev_50ms;t_retour;0.5681818182;ms
S8a;Ziegler-Nichols;evenement;ev_50ms;revenu;1;-
S8a;Ziegler-Nichols;evenement;ev_70ms;IAE;3.00573287;mV.s
S8a;Ziegler-Nichols;evenement;ev_70ms;e_max;1.43218674;V
S8a;Ziegler-Nichols;evenement;ev_70ms;t_retour;0.5272727273;ms
S8a;Ziegler-Nichols;evenement;ev_70ms;revenu;1;-
S8a;Ziegler-Nichols;evenement;ev_100ms;IAE;1.087905467;mV.s
S8a;Ziegler-Nichols;evenement;ev_100ms;e_max;0.9800590734;V
S8a;Ziegler-Nichols;evenement;ev_100ms;t_retour;0;ms
S8a;Ziegler-Nichols;evenement;ev_100ms;revenu;1;-
S8a;Ziegler-Nichols;evenement;ev_120ms;IAE;2.585264858;mV.s
S8a;Ziegler-Nichols;evenement;ev_120ms;e_max;0.9253726031;V
S8a;Ziegler-Nichols;evenement;ev_120ms;t_retour;0;ms
S8a;Ziegler-Nichols;evenement;ev_120ms;revenu;1;-
S8a;Ziegler-Nichols;commande;classement;dd_moyen;0.003122887836;-
S8a;Ziegler-Nichols;commande;classement;butee;0;%
S8a;Ziegler-Nichols;commande;classement;dcm;0;%
S8a;Ziegler-Nichols;temps_banc;essai;appel_moy;1.562591941;us
S8a;Ziegler-Nichols;temps_banc;essai;appel_max;371.051;us
S8a;Ziegler-Nichols;temps_banc;essai;n_appels;44001;-
S10;Ziegler-Nichols;demarrage;demarrage;t_montee;1.090909091;ms
S10;Ziegler-Nichols;demarrage;demarrage;depassement;13.99103051;%
S10;Ziegler-Nichols;demarrage;demarrage;t_etablissement;3.4;ms
S10;Ziegler-Nichols;demarrage;demarrage;iL_crete;24.14236298;A
S10;Ziegler-Nichols;classement;classement;IAE;70.48071662;mV.s
S10;Ziegler-Nichols;classement;classement;ISE;92.86466297;V2.ms
S10;Ziegler-Nichols;classement;classement;ITAE;3.103419597;mV.s2
S10;Ziegler-Nichols;classement;classement;e_max;3.219960103;V
S10;Ziegler-Nichols;classement;classement;e_eff;963.6412302;mV
S10;Ziegler-Nichols;classement;classement;n_non_revenus;4;-
S10;Ziegler-Nichols;regime_permanent;avant_50ms;e_moy;0.001666303486;mV
S10;Ziegler-Nichols;regime_permanent;avant_50ms;e_moy_abs;0.001666303486;mV
S10;Ziegler-Nichols;regime_permanent;avant_50ms;ondulation_Vout;27.02959712;mV
S10;Ziegler-Nichols;regime_permanent;avant_100ms;e_moy;0.5144046564;mV
S10;Ziegler-Nichols;regime_permanent;avant_100ms;e_moy_abs;0.5144046564;mV
S10;Ziegler-Nichols;regime_permanent;avant_100ms;ondulation_Vout;42.69642622;mV
S10;Ziegler-Nichols;regime_permanent;avant_115ms;e_moy;-3.390088112;mV
S10;Ziegler-Nichols;regime_permanent;avant_115ms;e_moy_abs;3.390088112;mV
S10;Ziegler-Nichols;regime_permanent;avant_115ms;ondulation_Vout;788.4627044;mV
S10;Ziegler-Nichols;regime_permanent;avant_130ms;e_moy;35.64616788;mV
S10;Ziegler-Nichols;regime_permanent;avant_130ms;e_moy_abs;35.64616788;mV
S10;Ziegler-Nichols;regime_permanent;avant_130ms;ondulation_Vout;1751.807323;mV
S10;Ziegler-Nichols;regime_permanent;avant_145ms;e_moy;63.33439535;mV
S10;Ziegler-Nichols;regime_permanent;avant_145ms;e_moy_abs;63.33439535;mV
S10;Ziegler-Nichols;regime_permanent;avant_145ms;ondulation_Vout;2522.661084;mV
S10;Ziegler-Nichols;regime_permanent;avant_160ms;e_moy;-13.62887003;mV
S10;Ziegler-Nichols;regime_permanent;avant_160ms;e_moy_abs;13.62887003;mV
S10;Ziegler-Nichols;regime_permanent;avant_160ms;ondulation_Vout;733.1797351;mV
S10;Ziegler-Nichols;regime_permanent;avant_175ms;e_moy;-3.821732545;mV
S10;Ziegler-Nichols;regime_permanent;avant_175ms;e_moy_abs;3.821732545;mV
S10;Ziegler-Nichols;regime_permanent;avant_175ms;ondulation_Vout;820.1875685;mV
S10;Ziegler-Nichols;regime_permanent;fin;e_moy;-9.229870532;mV
S10;Ziegler-Nichols;regime_permanent;fin;e_moy_abs;9.229870532;mV
S10;Ziegler-Nichols;regime_permanent;fin;ondulation_Vout;968.0234384;mV
S10;Ziegler-Nichols;evenement;ev_50ms;IAE;149.7289194;mV.s
S10;Ziegler-Nichols;evenement;ev_50ms;e_max;110.5875209;V
S10;Ziegler-Nichols;evenement;ev_50ms;t_retour;14.9;ms
S10;Ziegler-Nichols;evenement;ev_50ms;revenu;1;-
S10;Ziegler-Nichols;evenement;ev_100ms;IAE;9.508766969;mV.s
S10;Ziegler-Nichols;evenement;ev_100ms;e_max;3.076022762;V
S10;Ziegler-Nichols;evenement;ev_100ms;t_retour;NaN;ms
S10;Ziegler-Nichols;evenement;ev_100ms;revenu;0;-
S10;Ziegler-Nichols;evenement;ev_115ms;IAE;14.06833728;mV.s
S10;Ziegler-Nichols;evenement;ev_115ms;e_max;3.198508207;V
S10;Ziegler-Nichols;evenement;ev_115ms;t_retour;NaN;ms
S10;Ziegler-Nichols;evenement;ev_115ms;revenu;0;-
S10;Ziegler-Nichols;evenement;ev_130ms;IAE;15.48887311;mV.s
S10;Ziegler-Nichols;evenement;ev_130ms;e_max;2.622514579;V
S10;Ziegler-Nichols;evenement;ev_130ms;t_retour;NaN;ms
S10;Ziegler-Nichols;evenement;ev_130ms;revenu;0;-
S10;Ziegler-Nichols;evenement;ev_145ms;IAE;5.622398525;mV.s
S10;Ziegler-Nichols;evenement;ev_145ms;e_max;1.349408361;V
S10;Ziegler-Nichols;evenement;ev_145ms;t_retour;1.831818182;ms
S10;Ziegler-Nichols;evenement;ev_145ms;revenu;1;-
S10;Ziegler-Nichols;evenement;ev_160ms;IAE;9.974385794;mV.s
S10;Ziegler-Nichols;evenement;ev_160ms;e_max;3.219960103;V
S10;Ziegler-Nichols;evenement;ev_160ms;t_retour;NaN;ms
S10;Ziegler-Nichols;evenement;ev_160ms;revenu;0;-
S10;Ziegler-Nichols;evenement;ev_175ms;IAE;15.81795493;mV.s
S10;Ziegler-Nichols;evenement;ev_175ms;e_max;3.192297029;V
S10;Ziegler-Nichols;evenement;ev_175ms;t_retour;9.390909091;ms
S10;Ziegler-Nichols;evenement;ev_175ms;revenu;1;-
S10;Ziegler-Nichols;commande;classement;dd_moyen;0.002938189885;-
S10;Ziegler-Nichols;commande;classement;butee;0;%
S10;Ziegler-Nichols;commande;classement;dcm;0;%
S10;Ziegler-Nichols;temps_banc;essai;appel_moy;1.317997455;us
S10;Ziegler-Nichols;temps_banc;essai;appel_max;200.83;us
S10;Ziegler-Nichols;temps_banc;essai;n_appels;44001;-
tous;Ziegler-Nichols;temps_banc;essai;appel_moy;1.388716216;us
tous;Ziegler-Nichols;temps_banc;essai;appel_max;3763.233;us
tous;Ziegler-Nichols;temps_banc;essai;n_appels;220005;-
S1;PSO-PID;demarrage;demarrage;t_montee;1.086363636;ms
S1;PSO-PID;demarrage;demarrage;depassement;7.060792931;%
S1;PSO-PID;demarrage;demarrage;t_etablissement;2.636363636;ms
S1;PSO-PID;demarrage;demarrage;iL_crete;22.96893191;A
S1;PSO-PID;classement;classement;IAE;87.62497775;mV.s
S1;PSO-PID;classement;classement;ISE;6064.331534;V2.ms
S1;PSO-PID;classement;classement;ITAE;0.05479274487;mV.s2
S1;PSO-PID;classement;classement;e_max;100;V
S1;PSO-PID;classement;classement;e_eff;14217.74892;mV
S1;PSO-PID;classement;classement;n_non_revenus;0;-
S1;PSO-PID;regime_permanent;fin;e_moy;0.01340255074;mV
S1;PSO-PID;regime_permanent;fin;e_moy_abs;0.01340255074;mV
S1;PSO-PID;regime_permanent;fin;ondulation_Vout;27.04112707;mV
S1;PSO-PID;commande;classement;dd_moyen;0.007956442719;-
S1;PSO-PID;commande;classement;butee;5.318181818;%
S1;PSO-PID;commande;classement;dcm;0.1515151515;%
S1;PSO-PID;temps_banc;essai;appel_moy;1.185439808;us
S1;PSO-PID;temps_banc;essai;appel_max;49.705;us
S1;PSO-PID;temps_banc;essai;n_appels;44001;-
S2;PSO-PID;demarrage;demarrage;t_montee;1.086363636;ms
S2;PSO-PID;demarrage;demarrage;depassement;7.060792931;%
S2;PSO-PID;demarrage;demarrage;t_etablissement;2.636363636;ms
S2;PSO-PID;demarrage;demarrage;iL_crete;22.96893191;A
S2;PSO-PID;classement;classement;IAE;2.041635101;mV.s
S2;PSO-PID;classement;classement;ISE;0.5502961863;V2.ms
S2;PSO-PID;classement;classement;ITAE;0.1406287314;mV.s2
S2;PSO-PID;classement;classement;e_max;2.012520569;V
S2;PSO-PID;classement;classement;e_eff;56.89419865;mV
S2;PSO-PID;classement;classement;n_non_revenus;0;-
S2;PSO-PID;regime_permanent;avant_50ms;e_moy;-0.01050902505;mV
S2;PSO-PID;regime_permanent;avant_50ms;e_moy_abs;0.01050902505;mV
S2;PSO-PID;regime_permanent;avant_50ms;ondulation_Vout;27.0411273;mV
S2;PSO-PID;regime_permanent;avant_70ms;e_moy;-0.3229433638;mV
S2;PSO-PID;regime_permanent;avant_70ms;e_moy_abs;0.3229433638;mV
S2;PSO-PID;regime_permanent;avant_70ms;ondulation_Vout;183.525574;mV
S2;PSO-PID;regime_permanent;fin;e_moy;-0.006350337449;mV
S2;PSO-PID;regime_permanent;fin;e_moy_abs;0.006350337449;mV
S2;PSO-PID;regime_permanent;fin;ondulation_Vout;27.01812232;mV
S2;PSO-PID;evenement;ev_50ms;IAE;0.588194495;mV.s
S2;PSO-PID;evenement;ev_50ms;e_max;2.012520569;V
S2;PSO-PID;evenement;ev_50ms;t_retour;0.1318181818;ms
S2;PSO-PID;evenement;ev_50ms;revenu;1;-
S2;PSO-PID;evenement;ev_70ms;IAE;1.278021166;mV.s
S2;PSO-PID;evenement;ev_70ms;e_max;1.112139056;V
S2;PSO-PID;evenement;ev_70ms;t_retour;0.02727272727;ms
S2;PSO-PID;evenement;ev_70ms;revenu;1;-
S2;PSO-PID;commande;classement;dd_moyen;0.008165957305;-
S2;PSO-PID;commande;classement;butee;0.04010587952;%
S2;PSO-PID;commande;classement;dcm;0;%
S2;PSO-PID;temps_banc;essai;appel_moy;1.24749708;us
S2;PSO-PID;temps_banc;essai;appel_max;147.044;us
S2;PSO-PID;temps_banc;essai;n_appels;44001;-
S3;PSO-PID;demarrage;demarrage;t_montee;1.086363636;ms
S3;PSO-PID;demarrage;demarrage;depassement;7.060792931;%
S3;PSO-PID;demarrage;demarrage;t_etablissement;2.636363636;ms
S3;PSO-PID;demarrage;demarrage;iL_crete;22.96893191;A
S3;PSO-PID;classement;classement;IAE;5.462614108;mV.s
S3;PSO-PID;classement;classement;ISE;14.95124543;V2.ms
S3;PSO-PID;classement;classement;ITAE;0.2463988763;mV.s2
S3;PSO-PID;classement;classement;e_max;5.521937304;V
S3;PSO-PID;classement;classement;e_eff;296.5571632;mV
S3;PSO-PID;classement;classement;n_non_revenus;0;-
S3;PSO-PID;regime_permanent;avant_50ms;e_moy;-0.01050902505;mV
S3;PSO-PID;regime_permanent;avant_50ms;e_moy_abs;0.01050902505;mV
S3;PSO-PID;regime_permanent;avant_50ms;ondulation_Vout;27.0411273;mV
S3;PSO-PID;regime_permanent;avant_70ms;e_moy;0.003420371089;mV
S3;PSO-PID;regime_permanent;avant_70ms;e_moy_abs;0.003420371089;mV
S3;PSO-PID;regime_permanent;avant_70ms;ondulation_Vout;26.8982865;mV
S3;PSO-PID;regime_permanent;fin;e_moy;-0.002670615037;mV
S3;PSO-PID;regime_permanent;fin;e_moy_abs;0.002670615037;mV
S3;PSO-PID;regime_permanent;fin;ondulation_Vout;27.04115988;mV
S3;PSO-PID;evenement;ev_50ms;IAE;2.196529313;mV.s
S3;PSO-PID;evenement;ev_50ms;e_max;5.521937304;V
S3;PSO-PID;evenement;ev_50ms;t_retour;0.4590909091;ms
S3;PSO-PID;evenement;ev_50ms;revenu;1;-
S3;PSO-PID;evenement;ev_70ms;IAE;3.090665356;mV.s
S3;PSO-PID;evenement;ev_70ms;e_max;5.426028252;V
S3;PSO-PID;evenement;ev_70ms;t_retour;0.4454545455;ms
S3;PSO-PID;evenement;ev_70ms;revenu;1;-
S3;PSO-PID;commande;classement;dd_moyen;0.008133198672;-
S3;PSO-PID;commande;classement;butee;0.3823427181;%
S3;PSO-PID;commande;classement;dcm;0;%
S3;PSO-PID;temps_banc;essai;appel_moy;2.023417377;us
S3;PSO-PID;temps_banc;essai;appel_max;27109.516;us
S3;PSO-PID;temps_banc;essai;n_appels;44001;-
S8a;PSO-PID;demarrage;demarrage;t_montee;0.5363636364;ms
S8a;PSO-PID;demarrage;demarrage;depassement;43.48665677;%
S8a;PSO-PID;demarrage;demarrage;t_etablissement;3.545454545;ms
S8a;PSO-PID;demarrage;demarrage;iL_crete;12.59857041;A
S8a;PSO-PID;classement;classement;IAE;2.457607193;mV.s
S8a;PSO-PID;classement;classement;ISE;0.3174472407;V2.ms
S8a;PSO-PID;classement;classement;ITAE;0.1783766011;mV.s2
S8a;PSO-PID;classement;classement;e_max;0.5965594902;V
S8a;PSO-PID;classement;classement;e_eff;43.21211384;mV
S8a;PSO-PID;classement;classement;n_non_revenus;0;-
S8a;PSO-PID;regime_permanent;avant_50ms;e_moy;-0.007937713147;mV
S8a;PSO-PID;regime_permanent;avant_50ms;e_moy_abs;0.007937713147;mV
S8a;PSO-PID;regime_permanent;avant_50ms;ondulation_Vout;27.2759497;mV
S8a;PSO-PID;regime_permanent;avant_70ms;e_moy;-0.01586371773;mV
S8a;PSO-PID;regime_permanent;avant_70ms;e_moy_abs;0.01586371773;mV
S8a;PSO-PID;regime_permanent;avant_70ms;ondulation_Vout;21.59255813;mV
S8a;PSO-PID;regime_permanent;avant_100ms;e_moy;-0.008599391339;mV
S8a;PSO-PID;regime_permanent;avant_100ms;e_moy_abs;0.008599391339;mV
S8a;PSO-PID;regime_permanent;avant_100ms;ondulation_Vout;27.27196643;mV
S8a;PSO-PID;regime_permanent;avant_120ms;e_moy;-0.001746848944;mV
S8a;PSO-PID;regime_permanent;avant_120ms;e_moy_abs;0.001746848944;mV
S8a;PSO-PID;regime_permanent;avant_120ms;ondulation_Vout;33.57774229;mV
S8a;PSO-PID;regime_permanent;fin;e_moy;-0.00185082728;mV
S8a;PSO-PID;regime_permanent;fin;e_moy_abs;0.00185082728;mV
S8a;PSO-PID;regime_permanent;fin;ondulation_Vout;27.29034451;mV
S8a;PSO-PID;evenement;ev_50ms;IAE;0.4200033952;mV.s
S8a;PSO-PID;evenement;ev_50ms;e_max;0.5631918717;V
S8a;PSO-PID;evenement;ev_50ms;t_retour;0;ms
S8a;PSO-PID;evenement;ev_50ms;revenu;1;-
S8a;PSO-PID;evenement;ev_70ms;IAE;0.5468268583;mV.s
S8a;PSO-PID;evenement;ev_70ms;e_max;0.5965594902;V
S8a;PSO-PID;evenement;ev_70ms;t_retour;0;ms
S8a;PSO-PID;evenement;ev_70ms;revenu;1;-
S8a;PSO-PID;evenement;ev_100ms;IAE;0.4101227955;mV.s
S8a;PSO-PID;evenement;ev_100ms;e_max;0.4427055244;V
S8a;PSO-PID;evenement;ev_100ms;t_retour;0;ms
S8a;PSO-PID;evenement;ev_100ms;revenu;1;-
S8a;PSO-PID;evenement;ev_120ms;IAE;0.9036413046;mV.s
S8a;PSO-PID;evenement;ev_120ms;e_max;0.3954320055;V
S8a;PSO-PID;evenement;ev_120ms;t_retour;0;ms
S8a;PSO-PID;evenement;ev_120ms;revenu;1;-
S8a;PSO-PID;commande;classement;dd_moyen;0.008097626336;-
S8a;PSO-PID;commande;classement;butee;0;%
S8a;PSO-PID;commande;classement;dcm;0;%
S8a;PSO-PID;temps_banc;essai;appel_moy;1.339238881;us
S8a;PSO-PID;temps_banc;essai;appel_max;84.111;us
S8a;PSO-PID;temps_banc;essai;n_appels;44001;-
S10;PSO-PID;demarrage;demarrage;t_montee;1.086363636;ms
S10;PSO-PID;demarrage;demarrage;depassement;7.060792931;%
S10;PSO-PID;demarrage;demarrage;t_etablissement;2.636363636;ms
S10;PSO-PID;demarrage;demarrage;iL_crete;22.96893191;A
S10;PSO-PID;classement;classement;IAE;3.979196796;mV.s
S10;PSO-PID;classement;classement;ISE;2.976203807;V2.ms
S10;PSO-PID;classement;classement;ITAE;0.1572323985;mV.s2
S10;PSO-PID;classement;classement;e_max;1.868175793;V
S10;PSO-PID;classement;classement;e_eff;172.5128555;mV
S10;PSO-PID;classement;classement;n_non_revenus;0;-
S10;PSO-PID;regime_permanent;avant_50ms;e_moy;-0.01050902505;mV
S10;PSO-PID;regime_permanent;avant_50ms;e_moy_abs;0.01050902505;mV
S10;PSO-PID;regime_permanent;avant_50ms;ondulation_Vout;27.0411273;mV
S10;PSO-PID;regime_permanent;avant_100ms;e_moy;0.0204807459;mV
S10;PSO-PID;regime_permanent;avant_100ms;e_moy_abs;0.0204807459;mV
S10;PSO-PID;regime_permanent;avant_100ms;ondulation_Vout;21.77944152;mV
S10;PSO-PID;regime_permanent;avant_115ms;e_moy;0.002568713787;mV
S10;PSO-PID;regime_permanent;avant_115ms;e_moy_abs;0.002568713787;mV
S10;PSO-PID;regime_permanent;avant_115ms;ondulation_Vout;21.08570782;mV
S10;PSO-PID;regime_permanent;avant_130ms;e_moy;0.01697213111;mV
S10;PSO-PID;regime_permanent;avant_130ms;e_moy_abs;0.01697213111;mV
S10;PSO-PID;regime_permanent;avant_130ms;ondulation_Vout;21.59164007;mV
S10;PSO-PID;regime_permanent;avant_145ms;e_moy;0.01205197999;mV
S10;PSO-PID;regime_permanent;avant_145ms;e_moy_abs;0.01205197999;mV
S10;PSO-PID;regime_permanent;avant_145ms;ondulation_Vout;21.30179841;mV
S10;PSO-PID;regime_permanent;avant_160ms;e_moy;0.01479204673;mV
S10;PSO-PID;regime_permanent;avant_160ms;e_moy_abs;0.01479204673;mV
S10;PSO-PID;regime_permanent;avant_160ms;ondulation_Vout;21.59274924;mV
S10;PSO-PID;regime_permanent;avant_175ms;e_moy;-0.006131872952;mV
S10;PSO-PID;regime_permanent;avant_175ms;e_moy_abs;0.006131872952;mV
S10;PSO-PID;regime_permanent;avant_175ms;ondulation_Vout;21.14601763;mV
S10;PSO-PID;regime_permanent;fin;e_moy;-0.0006029305444;mV
S10;PSO-PID;regime_permanent;fin;e_moy_abs;0.0006029305444;mV
S10;PSO-PID;regime_permanent;fin;ondulation_Vout;21.72562662;mV
S10;PSO-PID;evenement;ev_50ms;IAE;124.8561107;mV.s
S10;PSO-PID;evenement;ev_50ms;e_max;110.5838471;V
S10;PSO-PID;evenement;ev_50ms;t_retour;3.3;ms
S10;PSO-PID;evenement;ev_50ms;revenu;1;-
S10;PSO-PID;evenement;ev_100ms;IAE;0.7830544488;mV.s
S10;PSO-PID;evenement;ev_100ms;e_max;1.868175793;V
S10;PSO-PID;evenement;ev_100ms;t_retour;0.2954545455;ms
S10;PSO-PID;evenement;ev_100ms;revenu;1;-
S10;PSO-PID;evenement;ev_115ms;IAE;0.6852447116;mV.s
S10;PSO-PID;evenement;ev_115ms;e_max;1.437191718;V
S10;PSO-PID;evenement;ev_115ms;t_retour;0.2181818182;ms
S10;PSO-PID;evenement;ev_115ms;revenu;1;-
S10;PSO-PID;evenement;ev_130ms;IAE;0.5036861833;mV.s
S10;PSO-PID;evenement;ev_130ms;e_max;0.984481294;V
S10;PSO-PID;evenement;ev_130ms;t_retour;0;ms
S10;PSO-PID;evenement;ev_130ms;revenu;1;-
S10;PSO-PID;evenement;ev_145ms;IAE;0.4711148982;mV.s
S10;PSO-PID;evenement;ev_145ms;e_max;0.9593478963;V
S10;PSO-PID;evenement;ev_145ms;t_retour;0;ms
S10;PSO-PID;evenement;ev_145ms;revenu;1;-
S10;PSO-PID;evenement;ev_160ms;IAE;0.7831452124;mV.s
S10;PSO-PID;evenement;ev_160ms;e_max;1.868155505;V
S10;PSO-PID;evenement;ev_160ms;t_retour;0.2954545455;ms
S10;PSO-PID;evenement;ev_160ms;revenu;1;-
S10;PSO-PID;evenement;ev_175ms;IAE;0.7529513415;mV.s
S10;PSO-PID;evenement;ev_175ms;e_max;1.437043958;V
S10;PSO-PID;evenement;ev_175ms;t_retour;0.2181818182;ms
S10;PSO-PID;evenement;ev_175ms;revenu;1;-
S10;PSO-PID;commande;classement;dd_moyen;0.006164314627;-
S10;PSO-PID;commande;classement;butee;0.399981819;%
S10;PSO-PID;commande;classement;dcm;0;%
S10;PSO-PID;temps_banc;essai;appel_moy;1.343999159;us
S10;PSO-PID;temps_banc;essai;appel_max;87.364;us
S10;PSO-PID;temps_banc;essai;n_appels;44001;-
tous;PSO-PID;temps_banc;essai;appel_moy;1.427918461;us
tous;PSO-PID;temps_banc;essai;appel_max;27109.516;us
tous;PSO-PID;temps_banc;essai;n_appels;220005;-
S1;Fuzzy-PID;demarrage;demarrage;t_montee;1.090909091;ms
S1;Fuzzy-PID;demarrage;demarrage;depassement;27.33998716;%
S1;Fuzzy-PID;demarrage;demarrage;t_etablissement;3.354545455;ms
S1;Fuzzy-PID;demarrage;demarrage;iL_crete;26.52325031;A
S1;Fuzzy-PID;classement;classement;IAE;110.9066094;mV.s
S1;Fuzzy-PID;classement;classement;ISE;6687.162595;V2.ms
S1;Fuzzy-PID;classement;classement;ITAE;0.1094244374;mV.s2
S1;Fuzzy-PID;classement;classement;e_max;100;V
S1;Fuzzy-PID;classement;classement;e_eff;14930.01741;mV
S1;Fuzzy-PID;classement;classement;n_non_revenus;0;-
S1;Fuzzy-PID;regime_permanent;fin;e_moy;-0.02018090628;mV
S1;Fuzzy-PID;regime_permanent;fin;e_moy_abs;0.02018090628;mV
S1;Fuzzy-PID;regime_permanent;fin;ondulation_Vout;27.51182545;mV
S1;Fuzzy-PID;commande;classement;dd_moyen;0.007860077923;-
S1;Fuzzy-PID;commande;classement;butee;7.484848485;%
S1;Fuzzy-PID;commande;classement;dcm;0.1666666667;%
S1;Fuzzy-PID;temps_banc;essai;appel_moy;15.05236301;us
S1;Fuzzy-PID;temps_banc;essai;appel_max;46031.425;us
S1;Fuzzy-PID;temps_banc;essai;n_appels;44001;-
S2;Fuzzy-PID;demarrage;demarrage;t_montee;1.090909091;ms
S2;Fuzzy-PID;demarrage;demarrage;depassement;27.33998716;%
S2;Fuzzy-PID;demarrage;demarrage;t_etablissement;3.354545455;ms
S2;Fuzzy-PID;demarrage;demarrage;iL_crete;26.52325031;A
S2;Fuzzy-PID;classement;classement;IAE;2.432524732;mV.s
S2;Fuzzy-PID;classement;classement;ISE;0.8440519735;V2.ms
S2;Fuzzy-PID;classement;classement;ITAE;0.1497644525;mV.s2
S2;Fuzzy-PID;classement;classement;e_max;2.012072302;V
S2;Fuzzy-PID;classement;classement;e_eff;70.4618965;mV
S2;Fuzzy-PID;classement;classement;n_non_revenus;0;-
S2;Fuzzy-PID;regime_permanent;avant_50ms;e_moy;0.01235243975;mV
S2;Fuzzy-PID;regime_permanent;avant_50ms;e_moy_abs;0.01235243975;mV
S2;Fuzzy-PID;regime_permanent;avant_50ms;ondulation_Vout;27.60797758;mV
S2;Fuzzy-PID;regime_permanent;avant_70ms;e_moy;-0.5237512986;mV
S2;Fuzzy-PID;regime_permanent;avant_70ms;e_moy_abs;0.5237512986;mV
S2;Fuzzy-PID;regime_permanent;avant_70ms;ondulation_Vout;185.2924364;mV
S2;Fuzzy-PID;regime_permanent;fin;e_moy;-0.01065575846;mV
S2;Fuzzy-PID;regime_permanent;fin;e_moy_abs;0.01065575846;mV
S2;Fuzzy-PID;regime_permanent;fin;ondulation_Vout;27.51192115;mV
S2;Fuzzy-PID;evenement;ev_50ms;IAE;0.935691992;mV.s
S2;Fuzzy-PID;evenement;ev_50ms;e_max;2.012072302;V
S2;Fuzzy-PID;evenement;ev_50ms;t_retour;0.2045454545;ms
S2;Fuzzy-PID;evenement;ev_50ms;revenu;1;-
S2;Fuzzy-PID;evenement;ev_70ms;IAE;1.321045818;mV.s
S2;Fuzzy-PID;evenement;ev_70ms;e_max;1.112477135;V
S2;Fuzzy-PID;evenement;ev_70ms;t_retour;0.02727272727;ms
S2;Fuzzy-PID;evenement;ev_70ms;revenu;1;-
S2;Fuzzy-PID;commande;classement;dd_moyen;0.005694158765;-
S2;Fuzzy-PID;commande;classement;butee;0.02138980241;%
S2;Fuzzy-PID;commande;classement;dcm;0;%
S2;Fuzzy-PID;temps_banc;essai;appel_moy;12.67479762;us
S2;Fuzzy-PID;temps_banc;essai;appel_max;2574.315;us
S2;Fuzzy-PID;temps_banc;essai;n_appels;44001;-
S3;Fuzzy-PID;demarrage;demarrage;t_montee;1.090909091;ms
S3;Fuzzy-PID;demarrage;demarrage;depassement;27.33998716;%
S3;Fuzzy-PID;demarrage;demarrage;t_etablissement;3.354545455;ms
S3;Fuzzy-PID;demarrage;demarrage;iL_crete;26.52325031;A
S3;Fuzzy-PID;classement;classement;IAE;7.941304631;mV.s
S3;Fuzzy-PID;classement;classement;ISE;20.24433105;V2.ms
S3;Fuzzy-PID;classement;classement;ITAE;0.3250332638;mV.s2
S3;Fuzzy-PID;classement;classement;e_max;5.658788406;V
S3;Fuzzy-PID;classement;classement;e_eff;345.0813184;mV
S3;Fuzzy-PID;classement;classement;n_non_revenus;0;-
S3;Fuzzy-PID;regime_permanent;avant_50ms;e_moy;0.01235243975;mV
S3;Fuzzy-PID;regime_permanent;avant_50ms;e_moy_abs;0.01235243975;mV
S3;Fuzzy-PID;regime_permanent;avant_50ms;ondulation_Vout;27.60797758;mV
S3;Fuzzy-PID;regime_permanent;avant_70ms;e_moy;0.01270678758;mV
S3;Fuzzy-PID;regime_permanent;avant_70ms;e_moy_abs;0.01270678758;mV
S3;Fuzzy-PID;regime_permanent;avant_70ms;ondulation_Vout;27.13922718;mV
S3;Fuzzy-PID;regime_permanent;fin;e_moy;0.02506989334;mV
S3;Fuzzy-PID;regime_permanent;fin;e_moy_abs;0.02506989334;mV
S3;Fuzzy-PID;regime_permanent;fin;ondulation_Vout;27.51182548;mV
S3;Fuzzy-PID;evenement;ev_50ms;IAE;3.36194658;mV.s
S3;Fuzzy-PID;evenement;ev_50ms;e_max;5.521286289;V
S3;Fuzzy-PID;evenement;ev_50ms;t_retour;1.313636364;ms
S3;Fuzzy-PID;evenement;ev_50ms;revenu;1;-
S3;Fuzzy-PID;evenement;ev_70ms;IAE;4.403571128;mV.s
S3;Fuzzy-PID;evenement;ev_70ms;e_max;5.658788406;V
S3;Fuzzy-PID;evenement;ev_70ms;t_retour;1.340909091;ms
S3;Fuzzy-PID;evenement;ev_70ms;revenu;1;-
S3;Fuzzy-PID;commande;classement;dd_moyen;0.005731112697;-
S3;Fuzzy-PID;commande;classement;butee;0.2299403759;%
S3;Fuzzy-PID;commande;classement;dcm;0;%
S3;Fuzzy-PID;temps_banc;essai;appel_moy;12.28293784;us
S3;Fuzzy-PID;temps_banc;essai;appel_max;1745.031;us
S3;Fuzzy-PID;temps_banc;essai;n_appels;44001;-
S8a;Fuzzy-PID;demarrage;demarrage;t_montee;0.5363636364;ms
S8a;Fuzzy-PID;demarrage;demarrage;depassement;58.70412885;%
S8a;Fuzzy-PID;demarrage;demarrage;t_etablissement;3.15;ms
S8a;Fuzzy-PID;demarrage;demarrage;iL_crete;13.19550735;A
S8a;Fuzzy-PID;classement;classement;IAE;4.121223627;mV.s
S8a;Fuzzy-PID;classement;classement;ISE;1.970011589;V2.ms
S8a;Fuzzy-PID;classement;classement;ITAE;0.2638095566;mV.s2
S8a;Fuzzy-PID;classement;classement;e_max;1.40408557;V
S8a;Fuzzy-PID;classement;classement;e_eff;107.6475435;mV
S8a;Fuzzy-PID;classement;classement;n_non_revenus;0;-
S8a;Fuzzy-PID;regime_permanent;avant_50ms;e_moy;0.01621042964;mV
S8a;Fuzzy-PID;regime_permanent;avant_50ms;e_moy_abs;0.01621042964;mV
S8a;Fuzzy-PID;regime_permanent;avant_50ms;ondulation_Vout;27.25208259;mV
S8a;Fuzzy-PID;regime_permanent;avant_70ms;e_moy;0.02871512837;mV
S8a;Fuzzy-PID;regime_permanent;avant_70ms;e_moy_abs;0.02871512837;mV
S8a;Fuzzy-PID;regime_permanent;avant_70ms;ondulation_Vout;21.48161579;mV
S8a;Fuzzy-PID;regime_permanent;avant_100ms;e_moy;0.01892694073;mV
S8a;Fuzzy-PID;regime_permanent;avant_100ms;e_moy_abs;0.01892694073;mV
S8a;Fuzzy-PID;regime_permanent;avant_100ms;ondulation_Vout;27.47790797;mV
S8a;Fuzzy-PID;regime_permanent;avant_120ms;e_moy;-0.02319298701;mV
S8a;Fuzzy-PID;regime_permanent;avant_120ms;e_moy_abs;0.02319298701;mV
S8a;Fuzzy-PID;regime_permanent;avant_120ms;ondulation_Vout;33.51502691;mV
S8a;Fuzzy-PID;regime_permanent;fin;e_moy;-0.002233768364;mV
S8a;Fuzzy-PID;regime_permanent;fin;e_moy_abs;0.002233768364;mV
S8a;Fuzzy-PID;regime_permanent;fin;ondulation_Vout;27.49491356;mV
S8a;Fuzzy-PID;evenement;ev_50ms;IAE;0.9113289798;mV.s
S8a;Fuzzy-PID;evenement;ev_50ms;e_max;1.136673095;V
S8a;Fuzzy-PID;evenement;ev_50ms;t_retour;0.6090909091;ms
S8a;Fuzzy-PID;evenement;ev_50ms;revenu;1;-
S8a;Fuzzy-PID;evenement;ev_70ms;IAE;1.06077361;mV.s
S8a;Fuzzy-PID;evenement;ev_70ms;e_max;1.40408557;V
S8a;Fuzzy-PID;evenement;ev_70ms;t_retour;0.6227272727;ms
S8a;Fuzzy-PID;evenement;ev_70ms;revenu;1;-
S8a;Fuzzy-PID;evenement;ev_100ms;IAE;0.6791624474;mV.s
S8a;Fuzzy-PID;evenement;ev_100ms;e_max;0.9798477929;V
S8a;Fuzzy-PID;evenement;ev_100ms;t_retour;0;ms
S8a;Fuzzy-PID;evenement;ev_100ms;revenu;1;-
S8a;Fuzzy-PID;evenement;ev_120ms;IAE;1.292952319;mV.s
S8a;Fuzzy-PID;evenement;ev_120ms;e_max;0.7560210948;V
S8a;Fuzzy-PID;evenement;ev_120ms;t_retour;0;ms
S8a;Fuzzy-PID;evenement;ev_120ms;revenu;1;-
S8a;Fuzzy-PID;commande;classement;dd_moyen;0.005674366382;-
S8a;Fuzzy-PID;commande;classement;butee;0;%
S8a;Fuzzy-PID;commande;classement;dcm;0;%
S8a;Fuzzy-PID;temps_banc;essai;appel_moy;11.88221381;us
S8a;Fuzzy-PID;temps_banc;essai;appel_max;324.487;us
S8a;Fuzzy-PID;temps_banc;essai;n_appels;44001;-
S10;Fuzzy-PID;demarrage;demarrage;t_montee;1.090909091;ms
S10;Fuzzy-PID;demarrage;demarrage;depassement;27.33998716;%
S10;Fuzzy-PID;demarrage;demarrage;t_etablissement;3.354545455;ms
S10;Fuzzy-PID;demarrage;demarrage;iL_crete;26.52325031;A
S10;Fuzzy-PID;classement;classement;IAE;9.178716669;mV.s
S10;Fuzzy-PID;classement;classement;ISE;9.865771493;V2.ms
S10;Fuzzy-PID;classement;classement;ITAE;0.3596239669;mV.s2
S10;Fuzzy-PID;classement;classement;e_max;2.18204356;V
S10;Fuzzy-PID;classement;classement;e_eff;314.0911185;mV
S10;Fuzzy-PID;classement;classement;n_non_revenus;0;-
S10;Fuzzy-PID;regime_permanent;avant_50ms;e_moy;0.01235243975;mV
S10;Fuzzy-PID;regime_permanent;avant_50ms;e_moy_abs;0.01235243975;mV
S10;Fuzzy-PID;regime_permanent;avant_50ms;ondulation_Vout;27.60797758;mV
S10;Fuzzy-PID;regime_permanent;avant_100ms;e_moy;0.02033258183;mV
S10;Fuzzy-PID;regime_permanent;avant_100ms;e_moy_abs;0.02033258183;mV
S10;Fuzzy-PID;regime_permanent;avant_100ms;ondulation_Vout;21.46959036;mV
S10;Fuzzy-PID;regime_permanent;avant_115ms;e_moy;0.01383737538;mV
S10;Fuzzy-PID;regime_permanent;avant_115ms;e_moy_abs;0.01383737538;mV
S10;Fuzzy-PID;regime_permanent;avant_115ms;ondulation_Vout;21.15842847;mV
S10;Fuzzy-PID;regime_permanent;avant_130ms;e_moy;0.0008444335994;mV
S10;Fuzzy-PID;regime_permanent;avant_130ms;e_moy_abs;0.0008444335994;mV
S10;Fuzzy-PID;regime_permanent;avant_130ms;ondulation_Vout;21.46040449;mV
S10;Fuzzy-PID;regime_permanent;avant_145ms;e_moy;0.003439074055;mV
S10;Fuzzy-PID;regime_permanent;avant_145ms;e_moy_abs;0.003439074055;mV
S10;Fuzzy-PID;regime_permanent;avant_145ms;ondulation_Vout;21.44408405;mV
S10;Fuzzy-PID;regime_permanent;avant_160ms;e_moy;0.00609512056;mV
S10;Fuzzy-PID;regime_permanent;avant_160ms;e_moy_abs;0.00609512056;mV
S10;Fuzzy-PID;regime_permanent;avant_160ms;ondulation_Vout;21.43913473;mV
S10;Fuzzy-PID;regime_permanent;avant_175ms;e_moy;0.02078384264;mV
S10;Fuzzy-PID;regime_permanent;avant_175ms;e_moy_abs;0.02078384264;mV
S10;Fuzzy-PID;regime_permanent;avant_175ms;ondulation_Vout;21.30582909;mV
S10;Fuzzy-PID;regime_permanent;fin;e_moy;0.01191256042;mV
S10;Fuzzy-PID;regime_permanent;fin;e_moy_abs;0.01191256042;mV
S10;Fuzzy-PID;regime_permanent;fin;ondulation_Vout;21.46954301;mV
S10;Fuzzy-PID;evenement;ev_50ms;IAE;122.7368972;mV.s
S10;Fuzzy-PID;evenement;ev_50ms;e_max;110.5857019;V
S10;Fuzzy-PID;evenement;ev_50ms;t_retour;2.859090909;ms
S10;Fuzzy-PID;evenement;ev_50ms;revenu;1;-
S10;Fuzzy-PID;evenement;ev_100ms;IAE;1.660561454;mV.s
S10;Fuzzy-PID;evenement;ev_100ms;e_max;2.108604892;V
S10;Fuzzy-PID;evenement;ev_100ms;t_retour;1.004545455;ms
S10;Fuzzy-PID;evenement;ev_100ms;revenu;1;-
S10;Fuzzy-PID;evenement;ev_115ms;IAE;1.720875901;mV.s
S10;Fuzzy-PID;evenement;ev_115ms;e_max;2.181776348;V
S10;Fuzzy-PID;evenement;ev_115ms;t_retour;1;ms
S10;Fuzzy-PID;evenement;ev_115ms;revenu;1;-
S10;Fuzzy-PID;evenement;ev_130ms;IAE;1.183594809;mV.s
S10;Fuzzy-PID;evenement;ev_130ms;e_max;1.464139993;V
S10;Fuzzy-PID;evenement;ev_130ms;t_retour;0.8454545455;ms
S10;Fuzzy-PID;evenement;ev_130ms;revenu;1;-
S10;Fuzzy-PID;evenement;ev_145ms;IAE;1.163046802;mV.s
S10;Fuzzy-PID;evenement;ev_145ms;e_max;1.381430771;V
S10;Fuzzy-PID;evenement;ev_145ms;t_retour;0.8818181818;ms
S10;Fuzzy-PID;evenement;ev_145ms;revenu;1;-
S10;Fuzzy-PID;evenement;ev_160ms;IAE;1.659160747;mV.s
S10;Fuzzy-PID;evenement;ev_160ms;e_max;2.109341894;V
S10;Fuzzy-PID;evenement;ev_160ms;t_retour;1.004545455;ms
S10;Fuzzy-PID;evenement;ev_160ms;revenu;1;-
S10;Fuzzy-PID;evenement;ev_175ms;IAE;1.791476956;mV.s
S10;Fuzzy-PID;evenement;ev_175ms;e_max;2.18204356;V
S10;Fuzzy-PID;evenement;ev_175ms;t_retour;1.004545455;ms
S10;Fuzzy-PID;evenement;ev_175ms;revenu;1;-
S10;Fuzzy-PID;commande;classement;dd_moyen;0.004464673493;-
S10;Fuzzy-PID;commande;classement;butee;0;%
S10;Fuzzy-PID;commande;classement;dcm;0;%
S10;Fuzzy-PID;temps_banc;essai;appel_moy;11.80854299;us
S10;Fuzzy-PID;temps_banc;essai;appel_max;633.376;us
S10;Fuzzy-PID;temps_banc;essai;n_appels;44001;-
tous;Fuzzy-PID;temps_banc;essai;appel_moy;12.74017106;us
tous;Fuzzy-PID;temps_banc;essai;appel_max;46031.425;us
tous;Fuzzy-PID;temps_banc;essai;n_appels;220005;-
S1;ELM-PID;demarrage;demarrage;t_montee;1.090909091;ms
S1;ELM-PID;demarrage;demarrage;depassement;13.99103051;%
S1;ELM-PID;demarrage;demarrage;t_etablissement;3.4;ms
S1;ELM-PID;demarrage;demarrage;iL_crete;24.14236298;A
S1;ELM-PID;classement;classement;IAE;93.71578446;mV.s
S1;ELM-PID;classement;classement;ISE;6255.798059;V2.ms
S1;ELM-PID;classement;classement;ITAE;0.0668487441;mV.s2
S1;ELM-PID;classement;classement;e_max;100;V
S1;ELM-PID;classement;classement;e_eff;14440.4502;mV
S1;ELM-PID;classement;classement;n_non_revenus;0;-
S1;ELM-PID;regime_permanent;fin;e_moy;-0.001885927789;mV
S1;ELM-PID;regime_permanent;fin;e_moy_abs;0.001885927789;mV
S1;ELM-PID;regime_permanent;fin;ondulation_Vout;27.01249402;mV
S1;ELM-PID;commande;classement;dd_moyen;0.003834838842;-
S1;ELM-PID;commande;classement;butee;5.96969697;%
S1;ELM-PID;commande;classement;dcm;0.1666666667;%
S1;ELM-PID;temps_banc;essai;appel_moy;3.51384664;us
S1;ELM-PID;temps_banc;essai;appel_max;189.812;us
S1;ELM-PID;temps_banc;essai;n_appels;44001;-
S1;ELM-PID;temps_banc;essai;ordinaire_moy;3.240061581;us
S1;ELM-PID;temps_banc;essai;ordinaire_max;189.812;us
S1;ELM-PID;temps_banc;essai;n_ordinaire;43601;-
S1;ELM-PID;temps_banc;essai;fin_fenetre_moy;33.3571025;us
S1;ELM-PID;temps_banc;essai;fin_fenetre_max;164.818;us
S1;ELM-PID;temps_banc;essai;n_fin_fenetre;400;-
S1;ELM-PID;temps_banc;essai;adaptation_moy;131.027;us
S1;ELM-PID;temps_banc;essai;adaptation_max;131.027;us
S1;ELM-PID;temps_banc;essai;n_adaptation;1;-
S2;ELM-PID;demarrage;demarrage;t_montee;1.090909091;ms
S2;ELM-PID;demarrage;demarrage;depassement;13.99103051;%
S2;ELM-PID;demarrage;demarrage;t_etablissement;3.4;ms
S2;ELM-PID;demarrage;demarrage;iL_crete;24.14236298;A
S2;ELM-PID;classement;classement;IAE;2.406173812;mV.s
S2;ELM-PID;classement;classement;ISE;0.7984888983;V2.ms
S2;ELM-PID;classement;classement;ITAE;0.1508005747;mV.s2
S2;ELM-PID;classement;classement;e_max;2.012691825;V
S2;ELM-PID;classement;classement;e_eff;68.53369926;mV
S2;ELM-PID;classement;classement;n_non_revenus;0;-
S2;ELM-PID;regime_permanent;avant_50ms;e_moy;-0.004441300849;mV
S2;ELM-PID;regime_permanent;avant_50ms;e_moy_abs;0.004441300849;mV
S2;ELM-PID;regime_permanent;avant_50ms;ondulation_Vout;27.01249401;mV
S2;ELM-PID;regime_permanent;avant_70ms;e_moy;-0.288383875;mV
S2;ELM-PID;regime_permanent;avant_70ms;e_moy_abs;0.288383875;mV
S2;ELM-PID;regime_permanent;avant_70ms;ondulation_Vout;182.2103484;mV
S2;ELM-PID;regime_permanent;fin;e_moy;0.006789616116;mV
S2;ELM-PID;regime_permanent;fin;e_moy_abs;0.006789616116;mV
S2;ELM-PID;regime_permanent;fin;ondulation_Vout;27.01249371;mV
S2;ELM-PID;evenement;ev_50ms;IAE;0.8199505752;mV.s
S2;ELM-PID;evenement;ev_50ms;e_max;2.012691825;V
S2;ELM-PID;evenement;ev_50ms;t_retour;0.1590909091;ms
S2;ELM-PID;evenement;ev_50ms;revenu;1;-
S2;ELM-PID;evenement;ev_70ms;IAE;1.410842646;mV.s
S2;ELM-PID;evenement;ev_70ms;e_max;1.11322377;V
S2;ELM-PID;evenement;ev_70ms;t_retour;0.02727272727;ms
S2;ELM-PID;evenement;ev_70ms;revenu;1;-
S2;ELM-PID;commande;classement;dd_moyen;0.003793394486;-
S2;ELM-PID;commande;classement;butee;0.01871607711;%
S2;ELM-PID;commande;classement;dcm;0;%
S2;ELM-PID;temps_banc;essai;appel_moy;3.505731915;us
S2;ELM-PID;temps_banc;essai;appel_max;120.303;us
S2;ELM-PID;temps_banc;essai;n_appels;44001;-
S2;ELM-PID;temps_banc;essai;ordinaire_moy;3.234858054;us
S2;ELM-PID;temps_banc;essai;ordinaire_max;111.74;us
S2;ELM-PID;temps_banc;essai;n_ordinaire;43601;-
S2;ELM-PID;temps_banc;essai;fin_fenetre_moy;33.03166;us
S2;ELM-PID;temps_banc;essai;fin_fenetre_max;120.303;us
S2;ELM-PID;temps_banc;essai;n_fin_fenetre;400;-
S2;ELM-PID;temps_banc;essai;adaptation_moy;120.303;us
S2;ELM-PID;temps_banc;essai;adaptation_max;120.303;us
S2;ELM-PID;temps_banc;essai;n_adaptation;1;-
S3;ELM-PID;demarrage;demarrage;t_montee;1.090909091;ms
S3;ELM-PID;demarrage;demarrage;depassement;13.99103051;%
S3;ELM-PID;demarrage;demarrage;t_etablissement;3.4;ms
S3;ELM-PID;demarrage;demarrage;iL_crete;24.14236298;A
S3;ELM-PID;classement;classement;IAE;6.405730038;mV.s
S3;ELM-PID;classement;classement;ISE;17.05619582;V2.ms
S3;ELM-PID;classement;classement;ITAE;0.2774443295;mV.s2
S3;ELM-PID;classement;classement;e_max;5.658533829;V
S3;ELM-PID;classement;classement;e_eff;316.7457673;mV
S3;ELM-PID;classement;classement;n_non_revenus;0;-
S3;ELM-PID;regime_permanent;avant_50ms;e_moy;-0.004441300849;mV
S3;ELM-PID;regime_permanent;avant_50ms;e_moy_abs;0.004441300849;mV
S3;ELM-PID;regime_permanent;avant_50ms;ondulation_Vout;27.01249401;mV
S3;ELM-PID;regime_permanent;avant_70ms;e_moy;0.01222574908;mV
S3;ELM-PID;regime_permanent;avant_70ms;e_moy_abs;0.01222574908;mV
S3;ELM-PID;regime_permanent;avant_70ms;ondulation_Vout;26.90113187;mV
S3;ELM-PID;regime_permanent;fin;e_moy;0.001088134288;mV
S3;ELM-PID;regime_permanent;fin;e_moy_abs;0.001088134288;mV
S3;ELM-PID;regime_permanent;fin;ondulation_Vout;27.11589276;mV
S3;ELM-PID;evenement;ev_50ms;IAE;2.568694202;mV.s
S3;ELM-PID;evenement;ev_50ms;e_max;5.522546329;V
S3;ELM-PID;evenement;ev_50ms;t_retour;0.8727272727;ms
S3;ELM-PID;evenement;ev_50ms;revenu;1;-
S3;ELM-PID;evenement;ev_70ms;IAE;3.661655244;mV.s
S3;ELM-PID;evenement;ev_70ms;e_max;5.658533829;V
S3;ELM-PID;evenement;ev_70ms;t_retour;0.8681818182;ms
S3;ELM-PID;evenement;ev_70ms;revenu;1;-
S3;ELM-PID;commande;classement;dd_moyen;0.003901980114;-
S3;ELM-PID;commande;classement;butee;0.3342156627;%
S3;ELM-PID;commande;classement;dcm;0;%
S3;ELM-PID;temps_banc;essai;appel_moy;3.530925547;us
S3;ELM-PID;temps_banc;essai;appel_max;156.47;us
S3;ELM-PID;temps_banc;essai;n_appels;44001;-
S3;ELM-PID;temps_banc;essai;ordinaire_moy;3.254101282;us
S3;ELM-PID;temps_banc;essai;ordinaire_max;97.099;us
S3;ELM-PID;temps_banc;essai;n_ordinaire;43601;-
S3;ELM-PID;temps_banc;essai;fin_fenetre_moy;33.7054625;us
S3;ELM-PID;temps_banc;essai;fin_fenetre_max;156.47;us
S3;ELM-PID;temps_banc;essai;n_fin_fenetre;400;-
S3;ELM-PID;temps_banc;essai;adaptation_moy;154.7325;us
S3;ELM-PID;temps_banc;essai;adaptation_max;156.47;us
S3;ELM-PID;temps_banc;essai;n_adaptation;2;-
S8a;ELM-PID;demarrage;demarrage;t_montee;0.5363636364;ms
S8a;ELM-PID;demarrage;demarrage;depassement;52.22678539;%
S8a;ELM-PID;demarrage;demarrage;t_etablissement;5.359090909;ms
S8a;ELM-PID;demarrage;demarrage;iL_crete;13.15170356;A
S8a;ELM-PID;classement;classement;IAE;2.964964206;mV.s
S8a;ELM-PID;classement;classement;ISE;0.6063724832;V2.ms
S8a;ELM-PID;classement;classement;ITAE;0.190238761;mV.s2
S8a;ELM-PID;classement;classement;e_max;0.9661146512;V
S8a;ELM-PID;classement;classement;e_eff;59.72270582;mV
S8a;ELM-PID;classement;classement;n_non_revenus;0;-
S8a;ELM-PID;regime_permanent;avant_50ms;e_moy;0.001217214943;mV
S8a;ELM-PID;regime_permanent;avant_50ms;e_moy_abs;0.001217214943;mV
S8a;ELM-PID;regime_permanent;avant_50ms;ondulation_Vout;27.39231271;mV
S8a;ELM-PID;regime_permanent;avant_70ms;e_moy;0.02475240419;mV
S8a;ELM-PID;regime_permanent;avant_70ms;e_moy_abs;0.02475240419;mV
S8a;ELM-PID;regime_permanent;avant_70ms;ondulation_Vout;22.72797846;mV
S8a;ELM-PID;regime_permanent;avant_100ms;e_moy;0.01023670108;mV
S8a;ELM-PID;regime_permanent;avant_100ms;e_moy_abs;0.01023670108;mV
S8a;ELM-PID;regime_permanent;avant_100ms;ondulation_Vout;28.0740916;mV
S8a;ELM-PID;regime_permanent;avant_120ms;e_moy;0.08405862016;mV
S8a;ELM-PID;regime_permanent;avant_120ms;e_moy_abs;0.08405862016;mV
S8a;ELM-PID;regime_permanent;avant_120ms;ondulation_Vout;35.41296607;mV
S8a;ELM-PID;regime_permanent;fin;e_moy;-0.002782208605;mV
S8a;ELM-PID;regime_permanent;fin;e_moy_abs;0.002782208605;mV
S8a;ELM-PID;regime_permanent;fin;ondulation_Vout;27.822186;mV
S8a;ELM-PID;evenement;ev_50ms;IAE;0.8317485398;mV.s
S8a;ELM-PID;evenement;ev_50ms;e_max;0.9661146512;V
S8a;ELM-PID;evenement;ev_50ms;t_retour;0;ms
S8a;ELM-PID;evenement;ev_50ms;revenu;1;-
S8a;ELM-PID;evenement;ev_70ms;IAE;0.6706453261;mV.s
S8a;ELM-PID;evenement;ev_70ms;e_max;0.7730836362;V
S8a;ELM-PID;evenement;ev_70ms;t_retour;0;ms
S8a;ELM-PID;evenement;ev_70ms;revenu;1;-
S8a;ELM-PID;evenement;ev_100ms;IAE;0.3890438711;mV.s
S8a;ELM-PID;evenement;ev_100ms;e_max;0.4935610227;V
S8a;ELM-PID;evenement;ev_100ms;t_retour;0;ms
S8a;ELM-PID;evenement;ev_100ms;revenu;1;-
S8a;ELM-PID;evenement;ev_120ms;IAE;0.8964837773;mV.s
S8a;ELM-PID;evenement;ev_120ms;e_max;0.4224036989;V
S8a;ELM-PID;evenement;ev_120ms;t_retour;0;ms
S8a;ELM-PID;evenement;ev_120ms;revenu;1;-
S8a;ELM-PID;commande;classement;dd_moyen;0.004759101175;-
S8a;ELM-PID;commande;classement;butee;0;%
S8a;ELM-PID;commande;classement;dcm;0;%
S8a;ELM-PID;temps_banc;essai;appel_moy;3.536441285;us
S8a;ELM-PID;temps_banc;essai;appel_max;1188.619;us
S8a;ELM-PID;temps_banc;essai;n_appels;44001;-
S8a;ELM-PID;temps_banc;essai;ordinaire_moy;3.187155845;us
S8a;ELM-PID;temps_banc;essai;ordinaire_max;85.19;us
S8a;ELM-PID;temps_banc;essai;n_ordinaire;43601;-
S8a;ELM-PID;temps_banc;essai;fin_fenetre_moy;41.6094275;us
S8a;ELM-PID;temps_banc;essai;fin_fenetre_max;1188.619;us
S8a;ELM-PID;temps_banc;essai;n_fin_fenetre;400;-
S8a;ELM-PID;temps_banc;essai;adaptation_moy;408.8231429;us
S8a;ELM-PID;temps_banc;essai;adaptation_max;1188.619;us
S8a;ELM-PID;temps_banc;essai;n_adaptation;7;-
S10;ELM-PID;demarrage;demarrage;t_montee;1.090909091;ms
S10;ELM-PID;demarrage;demarrage;depassement;13.99103051;%
S10;ELM-PID;demarrage;demarrage;t_etablissement;3.4;ms
S10;ELM-PID;demarrage;demarrage;iL_crete;24.14236298;A
S10;ELM-PID;classement;classement;IAE;8.632192631;mV.s
S10;ELM-PID;classement;classement;ISE;6.46798171;V2.ms
S10;ELM-PID;classement;classement;ITAE;0.3088315973;mV.s2
S10;ELM-PID;classement;classement;e_max;1.908937927;V
S10;ELM-PID;classement;classement;e_eff;254.3164903;mV
S10;ELM-PID;classement;classement;n_non_revenus;0;-
S10;ELM-PID;regime_permanent;avant_50ms;e_moy;-0.004441300849;mV
S10;ELM-PID;regime_permanent;avant_50ms;e_moy_abs;0.004441300849;mV
S10;ELM-PID;regime_permanent;avant_50ms;ondulation_Vout;27.01249401;mV
S10;ELM-PID;regime_permanent;avant_100ms;e_moy;0.02145733018;mV
S10;ELM-PID;regime_permanent;avant_100ms;e_moy_abs;0.02145733018;mV
S10;ELM-PID;regime_permanent;avant_100ms;ondulation_Vout;23.16743576;mV
S10;ELM-PID;regime_permanent;avant_115ms;e_moy;0.003584872148;mV
S10;ELM-PID;regime_permanent;avant_115ms;e_moy_abs;0.003584872148;mV
S10;ELM-PID;regime_permanent;avant_115ms;ondulation_Vout;21.35890317;mV
S10;ELM-PID;regime_permanent;avant_130ms;e_moy;0.08316220355;mV
S10;ELM-PID;regime_permanent;avant_130ms;e_moy_abs;0.08316220355;mV
S10;ELM-PID;regime_permanent;avant_130ms;ondulation_Vout;22.59281256;mV
S10;ELM-PID;regime_permanent;avant_145ms;e_moy;-0.01808597082;mV
S10;ELM-PID;regime_permanent;avant_145ms;e_moy_abs;0.01808597082;mV
S10;ELM-PID;regime_permanent;avant_145ms;ondulation_Vout;22.13563531;mV
S10;ELM-PID;regime_permanent;avant_160ms;e_moy;0.02792353507;mV
S10;ELM-PID;regime_permanent;avant_160ms;e_moy_abs;0.02792353507;mV
S10;ELM-PID;regime_permanent;avant_160ms;ondulation_Vout;23.53853213;mV
S10;ELM-PID;regime_permanent;avant_175ms;e_moy;-0.004694025905;mV
S10;ELM-PID;regime_permanent;avant_175ms;e_moy_abs;0.004694025905;mV
S10;ELM-PID;regime_permanent;avant_175ms;ondulation_Vout;21.37048427;mV
S10;ELM-PID;regime_permanent;fin;e_moy;0.006453838389;mV
S10;ELM-PID;regime_permanent;fin;e_moy_abs;0.006453838389;mV
S10;ELM-PID;regime_permanent;fin;ondulation_Vout;23.52968373;mV
S10;ELM-PID;evenement;ev_50ms;IAE;129.888354;mV.s
S10;ELM-PID;evenement;ev_50ms;e_max;110.5818361;V
S10;ELM-PID;evenement;ev_50ms;t_retour;4.822727273;ms
S10;ELM-PID;evenement;ev_50ms;revenu;1;-
S10;ELM-PID;evenement;ev_100ms;IAE;1.712495187;mV.s
S10;ELM-PID;evenement;ev_100ms;e_max;1.869257774;V
S10;ELM-PID;evenement;ev_100ms;t_retour;0.9045454545;ms
S10;ELM-PID;evenement;ev_100ms;revenu;1;-
S10;ELM-PID;evenement;ev_115ms;IAE;2.027953214;mV.s
S10;ELM-PID;evenement;ev_115ms;e_max;1.908937927;V
S10;ELM-PID;evenement;ev_115ms;t_retour;1.222727273;ms
S10;ELM-PID;evenement;ev_115ms;revenu;1;-
S10;ELM-PID;evenement;ev_130ms;IAE;1.216101433;mV.s
S10;ELM-PID;evenement;ev_130ms;e_max;1.214950843;V
S10;ELM-PID;evenement;ev_130ms;t_retour;0.5318181818;ms
S10;ELM-PID;evenement;ev_130ms;revenu;1;-
S10;ELM-PID;evenement;ev_145ms;IAE;0.9429450262;mV.s
S10;ELM-PID;evenement;ev_145ms;e_max;1.059714673;V
S10;ELM-PID;evenement;ev_145ms;t_retour;0.1636363636;ms
S10;ELM-PID;evenement;ev_145ms;revenu;1;-
S10;ELM-PID;evenement;ev_160ms;IAE;1.316439813;mV.s
S10;ELM-PID;evenement;ev_160ms;e_max;1.868111559;V
S10;ELM-PID;evenement;ev_160ms;t_retour;0.5454545455;ms
S10;ELM-PID;evenement;ev_160ms;revenu;1;-
S10;ELM-PID;evenement;ev_175ms;IAE;1.416257957;mV.s
S10;ELM-PID;evenement;ev_175ms;e_max;1.616062961;V
S10;ELM-PID;evenement;ev_175ms;t_retour;0.5454545455;ms
S10;ELM-PID;evenement;ev_175ms;revenu;1;-
S10;ELM-PID;commande;classement;dd_moyen;0.004061011974;-
S10;ELM-PID;commande;classement;butee;0.5772464888;%
S10;ELM-PID;commande;classement;dcm;0;%
S10;ELM-PID;temps_banc;essai;appel_moy;3.841277994;us
S10;ELM-PID;temps_banc;essai;appel_max;3876.084;us
S10;ELM-PID;temps_banc;essai;n_appels;44001;-
S10;ELM-PID;temps_banc;essai;ordinaire_moy;3.198398982;us
S10;ELM-PID;temps_banc;essai;ordinaire_max;84.102;us
S10;ELM-PID;temps_banc;essai;n_ordinaire;43601;-
S10;ELM-PID;temps_banc;essai;fin_fenetre_moy;73.9166975;us
S10;ELM-PID;temps_banc;essai;fin_fenetre_max;3876.084;us
S10;ELM-PID;temps_banc;essai;n_fin_fenetre;400;-
S10;ELM-PID;temps_banc;essai;adaptation_moy;1487.223;us
S10;ELM-PID;temps_banc;essai;adaptation_max;3876.084;us
S10;ELM-PID;temps_banc;essai;n_adaptation;9;-
tous;ELM-PID;temps_banc;essai;appel_moy;3.585644676;us
tous;ELM-PID;temps_banc;essai;appel_max;3876.084;us
tous;ELM-PID;temps_banc;essai;n_appels;220005;-
tous;ELM-PID;temps_banc;essai;ordinaire_moy;3.222915149;us
tous;ELM-PID;temps_banc;essai;ordinaire_max;189.812;us
tous;ELM-PID;temps_banc;essai;n_ordinaire;218005;-
tous;ELM-PID;temps_banc;essai;fin_fenetre_moy;43.12407;us
tous;ELM-PID;temps_banc;essai;fin_fenetre_max;3876.084;us
tous;ELM-PID;temps_banc;essai;n_fin_fenetre;2000;-
tous;ELM-PID;temps_banc;essai;adaptation_moy;840.3782;us
tous;ELM-PID;temps_banc;essai;adaptation_max;3876.084;us
tous;ELM-PID;temps_banc;essai;n_adaptation;20;-
S1;PINN-PID;demarrage;demarrage;t_montee;1.090909091;ms
S1;PINN-PID;demarrage;demarrage;depassement;13.19760854;%
S1;PINN-PID;demarrage;demarrage;t_etablissement;2.704545455;ms
S1;PINN-PID;demarrage;demarrage;iL_crete;24.02860651;A
S1;PINN-PID;classement;classement;IAE;92.05530082;mV.s
S1;PINN-PID;classement;classement;ISE;6243.166674;V2.ms
S1;PINN-PID;classement;classement;ITAE;0.06219142368;mV.s2
S1;PINN-PID;classement;classement;e_max;100;V
S1;PINN-PID;classement;classement;e_eff;14425.86413;mV
S1;PINN-PID;classement;classement;n_non_revenus;0;-
S1;PINN-PID;regime_permanent;fin;e_moy;-0.001214371719;mV
S1;PINN-PID;regime_permanent;fin;e_moy_abs;0.001214371719;mV
S1;PINN-PID;regime_permanent;fin;ondulation_Vout;26.92505414;mV
S1;PINN-PID;commande;classement;dd_moyen;0.003557691885;-
S1;PINN-PID;commande;classement;butee;5.909090909;%
S1;PINN-PID;commande;classement;dcm;0.1666666667;%
S1;PINN-PID;temps_banc;essai;appel_moy;33.82955624;us
S1;PINN-PID;temps_banc;essai;appel_max;16751.802;us
S1;PINN-PID;temps_banc;essai;n_appels;44001;-
S1;PINN-PID;temps_banc;essai;ordinaire_moy;30.75202663;us
S1;PINN-PID;temps_banc;essai;ordinaire_max;266.478;us
S1;PINN-PID;temps_banc;essai;n_ordinaire;43601;-
S1;PINN-PID;temps_banc;essai;fin_fenetre_moy;369.2879775;us
S1;PINN-PID;temps_banc;essai;fin_fenetre_max;16751.802;us
S1;PINN-PID;temps_banc;essai;n_fin_fenetre;400;-
S1;PINN-PID;temps_banc;essai;adaptation_moy;16384.57388;us
S1;PINN-PID;temps_banc;essai;adaptation_max;16751.802;us
S1;PINN-PID;temps_banc;essai;n_adaptation;8;-
S2;PINN-PID;demarrage;demarrage;t_montee;1.090909091;ms
S2;PINN-PID;demarrage;demarrage;depassement;13.19760854;%
S2;PINN-PID;demarrage;demarrage;t_etablissement;2.704545455;ms
S2;PINN-PID;demarrage;demarrage;iL_crete;24.02860651;A
S2;PINN-PID;classement;classement;IAE;2.439239128;mV.s
S2;PINN-PID;classement;classement;ISE;0.8295875402;V2.ms
S2;PINN-PID;classement;classement;ITAE;0.1516647637;mV.s2
S2;PINN-PID;classement;classement;e_max;2.012424798;V
S2;PINN-PID;classement;classement;e_eff;69.8555383;mV
S2;PINN-PID;classement;classement;n_non_revenus;0;-
S2;PINN-PID;regime_permanent;avant_50ms;e_moy;0.01536713995;mV
S2;PINN-PID;regime_permanent;avant_50ms;e_moy_abs;0.01536713995;mV
S2;PINN-PID;regime_permanent;avant_50ms;ondulation_Vout;26.86346183;mV
S2;PINN-PID;regime_permanent;avant_70ms;e_moy;-0.3834282592;mV
S2;PINN-PID;regime_permanent;avant_70ms;e_moy_abs;0.3834282592;mV
S2;PINN-PID;regime_permanent;avant_70ms;ondulation_Vout;183.5033821;mV
S2;PINN-PID;regime_permanent;fin;e_moy;0.004294717718;mV
S2;PINN-PID;regime_permanent;fin;e_moy_abs;0.004294717718;mV
S2;PINN-PID;regime_permanent;fin;ondulation_Vout;26.96369945;mV
S2;PINN-PID;evenement;ev_50ms;IAE;0.8440384985;mV.s
S2;PINN-PID;evenement;ev_50ms;e_max;2.012424798;V
S2;PINN-PID;evenement;ev_50ms;t_retour;0.1681818182;ms
S2;PINN-PID;evenement;ev_50ms;revenu;1;-
S2;PINN-PID;evenement;ev_70ms;IAE;1.419825956;mV.s
S2;PINN-PID;evenement;ev_70ms;e_max;1.112977194;V
S2;PINN-PID;evenement;ev_70ms;t_retour;0.02727272727;ms
S2;PINN-PID;evenement;ev_70ms;revenu;1;-
S2;PINN-PID;commande;classement;dd_moyen;0.003337723782;-
S2;PINN-PID;commande;classement;butee;0.01604235181;%
S2;PINN-PID;commande;classement;dcm;0;%
S2;PINN-PID;temps_banc;essai;appel_moy;36.90262178;us
S2;PINN-PID;temps_banc;essai;appel_max;17409.903;us
S2;PINN-PID;temps_banc;essai;n_appels;44001;-
S2;PINN-PID;temps_banc;essai;ordinaire_moy;31.90981828;us
S2;PINN-PID;temps_banc;essai;ordinaire_max;309.029;us
S2;PINN-PID;temps_banc;essai;n_ordinaire;43601;-
S2;PINN-PID;temps_banc;essai;fin_fenetre_moy;581.130685;us
S2;PINN-PID;temps_banc;essai;fin_fenetre_max;17409.903;us
S2;PINN-PID;temps_banc;essai;n_fin_fenetre;400;-
S2;PINN-PID;temps_banc;essai;adaptation_moy;16502.76754;us
S2;PINN-PID;temps_banc;essai;adaptation_max;17409.903;us
S2;PINN-PID;temps_banc;essai;n_adaptation;13;-
S3;PINN-PID;demarrage;demarrage;t_montee;1.090909091;ms
S3;PINN-PID;demarrage;demarrage;depassement;13.19760854;%
S3;PINN-PID;demarrage;demarrage;t_etablissement;2.704545455;ms
S3;PINN-PID;demarrage;demarrage;iL_crete;24.02860651;A
S3;PINN-PID;classement;classement;IAE;6.40402843;mV.s
S3;PINN-PID;classement;classement;ISE;17.09928593;V2.ms
S3;PINN-PID;classement;classement;ITAE;0.2758292906;mV.s2
S3;PINN-PID;classement;classement;e_max;5.659549497;V
S3;PINN-PID;classement;classement;e_eff;317.145622;mV
S3;PINN-PID;classement;classement;n_non_revenus;0;-
S3;PINN-PID;regime_permanent;avant_50ms;e_moy;0.01536713995;mV
S3;PINN-PID;regime_permanent;avant_50ms;e_moy_abs;0.01536713995;mV
S3;PINN-PID;regime_permanent;avant_50ms;ondulation_Vout;26.86346183;mV
S3;PINN-PID;regime_permanent;avant_70ms;e_moy;-0.00117838653;mV
S3;PINN-PID;regime_permanent;avant_70ms;e_moy_abs;0.00117838653;mV
S3;PINN-PID;regime_permanent;avant_70ms;ondulation_Vout;26.90113194;mV
S3;PINN-PID;regime_permanent;fin;e_moy;-0.007417698165;mV
S3;PINN-PID;regime_permanent;fin;e_moy_abs;0.007417698165;mV
S3;PINN-PID;regime_permanent;fin;ondulation_Vout;26.99859134;mV
S3;PINN-PID;evenement;ev_50ms;IAE;2.644875974;mV.s
S3;PINN-PID;evenement;ev_50ms;e_max;5.520212539;V
S3;PINN-PID;evenement;ev_50ms;t_retour;0.9136363636;ms
S3;PINN-PID;evenement;ev_50ms;revenu;1;-
S3;PINN-PID;evenement;ev_70ms;IAE;3.583777783;mV.s
S3;PINN-PID;evenement;ev_70ms;e_max;5.659549497;V
S3;PINN-PID;evenement;ev_70ms;t_retour;0.8545454545;ms
S3;PINN-PID;evenement;ev_70ms;revenu;1;-
S3;PINN-PID;commande;classement;dd_moyen;0.003749967369;-
S3;PINN-PID;commande;classement;butee;0.3208470362;%
S3;PINN-PID;commande;classement;dcm;0;%
S3;PINN-PID;temps_banc;essai;appel_moy;37.59969205;us
S3;PINN-PID;temps_banc;essai;appel_max;26824.984;us
S3;PINN-PID;temps_banc;essai;n_appels;44001;-
S3;PINN-PID;temps_banc;essai;ordinaire_moy;31.53813949;us
S3;PINN-PID;temps_banc;essai;ordinaire_max;634.424;us
S3;PINN-PID;temps_banc;essai;n_ordinaire;43601;-
S3;PINN-PID;temps_banc;essai;fin_fenetre_moy;698.324075;us
S3;PINN-PID;temps_banc;essai;fin_fenetre_max;26824.984;us
S3;PINN-PID;temps_banc;essai;n_fin_fenetre;400;-
S3;PINN-PID;temps_banc;essai;adaptation_moy;18747.91657;us
S3;PINN-PID;temps_banc;essai;adaptation_max;26824.984;us
S3;PINN-PID;temps_banc;essai;n_adaptation;14;-
S8a;PINN-PID;demarrage;demarrage;t_montee;0.5363636364;ms
S8a;PINN-PID;demarrage;demarrage;depassement;52.13540697;%
S8a;PINN-PID;demarrage;demarrage;t_etablissement;4.281818182;ms
S8a;PINN-PID;demarrage;demarrage;iL_crete;13.14036501;A
S8a;PINN-PID;classement;classement;IAE;2.952278544;mV.s
S8a;PINN-PID;classement;classement;ISE;0.7259672954;V2.ms
S8a;PINN-PID;classement;classement;ITAE;0.2000037339;mV.s2
S8a;PINN-PID;classement;classement;e_max;0.9389466241;V
S8a;PINN-PID;classement;classement;e_eff;65.34739227;mV
S8a;PINN-PID;classement;classement;n_non_revenus;0;-
S8a;PINN-PID;regime_permanent;avant_50ms;e_moy;-0.003586570751;mV
S8a;PINN-PID;regime_permanent;avant_50ms;e_moy_abs;0.003586570751;mV
S8a;PINN-PID;regime_permanent;avant_50ms;ondulation_Vout;27.22148986;mV
S8a;PINN-PID;regime_permanent;avant_70ms;e_moy;0.001117104567;mV
S8a;PINN-PID;regime_permanent;avant_70ms;e_moy_abs;0.001117104567;mV
S8a;PINN-PID;regime_permanent;avant_70ms;ondulation_Vout;21.63129782;mV
S8a;PINN-PID;regime_permanent;avant_100ms;e_moy;-0.01415006876;mV
S8a;PINN-PID;regime_permanent;avant_100ms;e_moy_abs;0.01415006876;mV
S8a;PINN-PID;regime_permanent;avant_100ms;ondulation_Vout;27.26394118;mV
S8a;PINN-PID;regime_permanent;avant_120ms;e_moy;-0.001892080167;mV
S8a;PINN-PID;regime_permanent;avant_120ms;e_moy_abs;0.001892080167;mV
S8a;PINN-PID;regime_permanent;avant_120ms;ondulation_Vout;33.62721116;mV
S8a;PINN-PID;regime_permanent;fin;e_moy;0.0003855242308;mV
S8a;PINN-PID;regime_permanent;fin;e_moy_abs;0.0003855242308;mV
S8a;PINN-PID;regime_permanent;fin;ondulation_Vout;27.27047864;mV
S8a;PINN-PID;evenement;ev_50ms;IAE;0.6372910732;mV.s
S8a;PINN-PID;evenement;ev_50ms;e_max;0.9389466241;V
S8a;PINN-PID;evenement;ev_50ms;t_retour;0;ms
S8a;PINN-PID;evenement;ev_50ms;revenu;1;-
S8a;PINN-PID;evenement;ev_70ms;IAE;0.6791050641;mV.s
S8a;PINN-PID;evenement;ev_70ms;e_max;0.9056022211;V
S8a;PINN-PID;evenement;ev_70ms;t_retour;0;ms
S8a;PINN-PID;evenement;ev_70ms;revenu;1;-
S8a;PINN-PID;evenement;ev_100ms;IAE;0.4802936253;mV.s
S8a;PINN-PID;evenement;ev_100ms;e_max;0.5983850578;V
S8a;PINN-PID;evenement;ev_100ms;t_retour;0;ms
S8a;PINN-PID;evenement;ev_100ms;revenu;1;-
S8a;PINN-PID;evenement;ev_120ms;IAE;0.9786015251;mV.s
S8a;PINN-PID;evenement;ev_120ms;e_max;0.5166141272;V
S8a;PINN-PID;evenement;ev_120ms;t_retour;0;ms
S8a;PINN-PID;evenement;ev_120ms;revenu;1;-
S8a;PINN-PID;commande;classement;dd_moyen;0.005762692005;-
S8a;PINN-PID;commande;classement;butee;0;%
S8a;PINN-PID;commande;classement;dcm;0;%
S8a;PINN-PID;temps_banc;essai;appel_moy;39.07545051;us
S8a;PINN-PID;temps_banc;essai;appel_max;16849.008;us
S8a;PINN-PID;temps_banc;essai;n_appels;44001;-
S8a;PINN-PID;temps_banc;essai;ordinaire_moy;30.57900225;us
S8a;PINN-PID;temps_banc;essai;ordinaire_max;450.222;us
S8a;PINN-PID;temps_banc;essai;n_ordinaire;43601;-
S8a;PINN-PID;temps_banc;essai;fin_fenetre_moy;965.2095525;us
S8a;PINN-PID;temps_banc;essai;fin_fenetre_max;16849.008;us
S8a;PINN-PID;temps_banc;essai;n_fin_fenetre;400;-
S8a;PINN-PID;temps_banc;essai;adaptation_moy;16107.9277;us
S8a;PINN-PID;temps_banc;essai;adaptation_max;16849.008;us
S8a;PINN-PID;temps_banc;essai;n_adaptation;23;-
S10;PINN-PID;demarrage;demarrage;t_montee;1.090909091;ms
S10;PINN-PID;demarrage;demarrage;depassement;13.19760854;%
S10;PINN-PID;demarrage;demarrage;t_etablissement;2.704545455;ms
S10;PINN-PID;demarrage;demarrage;iL_crete;24.02860651;A
S10;PINN-PID;classement;classement;IAE;6.626395894;mV.s
S10;PINN-PID;classement;classement;ISE;5.957818566;V2.ms
S10;PINN-PID;classement;classement;ITAE;0.2604759914;mV.s2
S10;PINN-PID;classement;classement;e_max;2.05340308;V
S10;PINN-PID;classement;classement;e_eff;244.0808835;mV
S10;PINN-PID;classement;classement;n_non_revenus;0;-
S10;PINN-PID;regime_permanent;avant_50ms;e_moy;0.01536713995;mV
S10;PINN-PID;regime_permanent;avant_50ms;e_moy_abs;0.01536713995;mV
S10;PINN-PID;regime_permanent;avant_50ms;ondulation_Vout;26.86346183;mV
S10;PINN-PID;regime_permanent;avant_100ms;e_moy;0.03019631641;mV
S10;PINN-PID;regime_permanent;avant_100ms;e_moy_abs;0.03019631641;mV
S10;PINN-PID;regime_permanent;avant_100ms;ondulation_Vout;21.77862227;mV
S10;PINN-PID;regime_permanent;avant_115ms;e_moy;0.001291713116;mV
S10;PINN-PID;regime_permanent;avant_115ms;e_moy_abs;0.001291713116;mV
S10;PINN-PID;regime_permanent;avant_115ms;ondulation_Vout;21.05529426;mV
S10;PINN-PID;regime_permanent;avant_130ms;e_moy;0.0002612051351;mV
S10;PINN-PID;regime_permanent;avant_130ms;e_moy_abs;0.0002612051351;mV
S10;PINN-PID;regime_permanent;avant_130ms;ondulation_Vout;21.37217796;mV
S10;PINN-PID;regime_permanent;avant_145ms;e_moy;-0.005692953717;mV
S10;PINN-PID;regime_permanent;avant_145ms;e_moy_abs;0.005692953717;mV
S10;PINN-PID;regime_permanent;avant_145ms;ondulation_Vout;21.26449456;mV
S10;PINN-PID;regime_permanent;avant_160ms;e_moy;-0.0002802728409;mV
S10;PINN-PID;regime_permanent;avant_160ms;e_moy_abs;0.0002802728409;mV
S10;PINN-PID;regime_permanent;avant_160ms;ondulation_Vout;21.75966935;mV
S10;PINN-PID;regime_permanent;avant_175ms;e_moy;-0.1194693395;mV
S10;PINN-PID;regime_permanent;avant_175ms;e_moy_abs;0.1194693395;mV
S10;PINN-PID;regime_permanent;avant_175ms;ondulation_Vout;21.45885147;mV
S10;PINN-PID;regime_permanent;fin;e_moy;0.02149226855;mV
S10;PINN-PID;regime_permanent;fin;e_moy_abs;0.02149226855;mV
S10;PINN-PID;regime_permanent;fin;ondulation_Vout;21.54820739;mV
S10;PINN-PID;evenement;ev_50ms;IAE;128.0546727;mV.s
S10;PINN-PID;evenement;ev_50ms;e_max;110.5899753;V
S10;PINN-PID;evenement;ev_50ms;t_retour;3.863636364;ms
S10;PINN-PID;evenement;ev_50ms;revenu;1;-
S10;PINN-PID;evenement;ev_100ms;IAE;1.165487665;mV.s
S10;PINN-PID;evenement;ev_100ms;e_max;1.918316915;V
S10;PINN-PID;evenement;ev_100ms;t_retour;0.7;ms
S10;PINN-PID;evenement;ev_100ms;revenu;1;-
S10;PINN-PID;evenement;ev_115ms;IAE;1.283559023;mV.s
S10;PINN-PID;evenement;ev_115ms;e_max;1.961765864;V
S10;PINN-PID;evenement;ev_115ms;t_retour;0.7272727273;ms
S10;PINN-PID;evenement;ev_115ms;revenu;1;-
S10;PINN-PID;evenement;ev_130ms;IAE;0.897761666;mV.s
S10;PINN-PID;evenement;ev_130ms;e_max;1.356924501;V
S10;PINN-PID;evenement;ev_130ms;t_retour;0.2727272727;ms
S10;PINN-PID;evenement;ev_130ms;revenu;1;-
S10;PINN-PID;evenement;ev_145ms;IAE;0.808675753;mV.s
S10;PINN-PID;evenement;ev_145ms;e_max;1.300129258;V
S10;PINN-PID;evenement;ev_145ms;t_retour;0.2636363636;ms
S10;PINN-PID;evenement;ev_145ms;revenu;1;-
S10;PINN-PID;evenement;ev_160ms;IAE;1.140687483;mV.s
S10;PINN-PID;evenement;ev_160ms;e_max;1.970003034;V
S10;PINN-PID;evenement;ev_160ms;t_retour;0.6863636364;ms
S10;PINN-PID;evenement;ev_160ms;revenu;1;-
S10;PINN-PID;evenement;ev_175ms;IAE;1.330224304;mV.s
S10;PINN-PID;evenement;ev_175ms;e_max;2.05340308;V
S10;PINN-PID;evenement;ev_175ms;t_retour;0.7090909091;ms
S10;PINN-PID;evenement;ev_175ms;revenu;1;-
S10;PINN-PID;commande;classement;dd_moyen;0.00338371542;-
S10;PINN-PID;commande;classement;butee;0.1363574383;%
S10;PINN-PID;commande;classement;dcm;0;%
S10;PINN-PID;temps_banc;essai;appel_moy;47.23122547;us
S10;PINN-PID;temps_banc;essai;appel_max;20426.311;us
S10;PINN-PID;temps_banc;essai;n_appels;44001;-
S10;PINN-PID;temps_banc;essai;ordinaire_moy;31.61373654;us
S10;PINN-PID;temps_banc;essai;ordinaire_max;235.098;us
S10;PINN-PID;temps_banc;essai;n_ordinaire;43601;-
S10;PINN-PID;temps_banc;essai;fin_fenetre_moy;1749.576562;us
S10;PINN-PID;temps_banc;essai;fin_fenetre_max;20426.311;us
S10;PINN-PID;temps_banc;essai;n_fin_fenetre;400;-
S10;PINN-PID;temps_banc;essai;adaptation_moy;16268.35693;us
S10;PINN-PID;temps_banc;essai;adaptation_max;20426.311;us
S10;PINN-PID;temps_banc;essai;n_adaptation;42;-
tous;PINN-PID;temps_banc;essai;appel_moy;38.92770921;us
tous;PINN-PID;temps_banc;essai;appel_max;26824.984;us
tous;PINN-PID;temps_banc;essai;n_appels;220005;-
tous;PINN-PID;temps_banc;essai;ordinaire_moy;31.27854464;us
tous;PINN-PID;temps_banc;essai;ordinaire_max;634.424;us
tous;PINN-PID;temps_banc;essai;n_ordinaire;218005;-
tous;PINN-PID;temps_banc;essai;fin_fenetre_moy;872.7057705;us
tous;PINN-PID;temps_banc;essai;fin_fenetre_max;26824.984;us
tous;PINN-PID;temps_banc;essai;n_fin_fenetre;2000;-
tous;PINN-PID;temps_banc;essai;adaptation_moy;16618.36729;us
tous;PINN-PID;temps_banc;essai;adaptation_max;26824.984;us
tous;PINN-PID;temps_banc;essai;n_adaptation;100;-
